symbol,direction,entry_time,exit_time,entry_price,exit_price,sl,tp1,tp2,exit_reason,pnl_pct,rr_achieved,duration_bars,duration_hours,position_size,pnl_try,portfolio_after
ASELS,BUY,2024-12-06T04:00:00+00:00,2024-12-09T08:00:00+00:00,71.2,69.7326,69.7326,73.6456,75.113,SL,-2.0609,-1.0,4,16,681.4774,-1000.0,99000.0
ASELS,BUY,2024-12-09T08:00:00+00:00,2024-12-11T08:00:00+00:00,70.75,69.3027,69.3027,73.1622,74.6096,SL,-2.0457,-1.0,6,24,684.0323,-990.0,98010.0
ASELS,SELL,2024-12-16T12:00:00+00:00,2024-12-18T08:00:00+00:00,67.95,69.2395,69.2395,65.8009,64.5114,SL,-1.8977,-1.0,5,20,760.062,-980.1,97029.9
AKBNK,SELL,2024-12-19T12:00:00+00:00,2024-12-25T04:00:00+00:00,61.5,63.0396,63.0396,58.934,57.3944,SL,-2.5034,-1.0,10,40,630.228,-970.3,96059.6
ASELS,BUY,2024-12-23T04:00:00+00:00,2024-12-31T04:00:00+00:00,72.45,73.6,70.6277,75.4872,77.3095,EXPIRED,1.5873,0.6311,18,72,527.1338,606.2,96665.8
AKBNK,BUY,2024-12-25T12:00:00+00:00,2025-01-03T12:00:00+00:00,63.9,66.6,62.1841,66.7598,68.4757,EXPIRED,4.2253,1.5735,18,72,563.3534,1521.05,98186.86
ASELS,BUY,2024-12-31T08:00:00+00:00,2025-01-07T12:00:00+00:00,73.4,77.7553,71.7668,76.1221,77.7553,TP2,5.9336,2.6667,13,52,601.1931,2618.38,100805.24
ASELS,BUY,2025-01-14T04:00:00+00:00,2025-01-15T08:00:00+00:00,79.7,77.9472,77.9472,82.6214,84.3742,SL,-2.1993,-1.0,4,16,575.1097,-1008.05,99797.18
AKBNK,BUY,2025-01-20T12:00:00+00:00,2025-01-24T12:00:00+00:00,66.65,66.65,64.8064,69.7226,71.5662,TP1_BE,0.0,0.0,12,48,541.3169,0.0,99797.18
ASELS,BUY,2025-01-17T04:00:00+00:00,2025-01-27T04:00:00+00:00,81.45,85.7,79.4407,84.7988,86.808,EXPIRED,5.2179,2.1152,18,72,496.6764,2110.87,101908.06
AKBNK,SELL,2025-01-30T12:00:00+00:00,2025-02-04T08:00:00+00:00,65.75,65.75,67.1919,63.3468,61.9049,TP1_BE,0.0,0.0,8,32,706.7623,0.0,101908.06
ASELS,BUY,2025-01-30T08:00:00+00:00,2025-02-05T08:00:00+00:00,88.85,86.5228,86.5228,92.7287,95.056,SL,-2.6193,-1.0,12,48,437.8999,-1019.08,100888.98
AKBNK,SELL,2025-02-07T04:00:00+00:00,2025-02-13T08:00:00+00:00,62.45,64.39,64.39,59.2167,57.2766,SL,-3.1065,-1.0,13,52,520.0463,-1008.89,99880.09
ASELS,SELL,2025-02-14T08:00:00+00:00,2025-02-18T04:00:00+00:00,78.5,80.7022,80.7022,74.8297,72.6275,SL,-2.8054,-1.0,5,20,453.5468,-998.8,98881.29
AKBNK,BUY,2025-02-14T08:00:00+00:00,2025-02-24T08:00:00+00:00,64.95,65.1,63.4393,67.4679,68.9787,EXPIRED,0.2309,0.0993,18,72,654.5395,98.18,98979.47
ASELS,BUY,2025-02-27T04:00:00+00:00,2025-02-28T08:00:00+00:00,87.6,94.2343,85.1121,91.7464,94.2343,TP2,7.5734,2.6667,4,16,397.8434,2639.41,101618.88
AKBNK,BUY,2025-02-25T12:00:00+00:00,2025-03-03T08:00:00+00:00,66.3,70.2718,64.8106,68.7824,70.2718,TP2,5.9907,2.6667,11,44,682.2806,2709.88,104328.76
AKBNK,BUY,2025-03-04T12:00:00+00:00,2025-03-12T12:00:00+00:00,72.3,74.1,70.2782,75.6697,77.6915,EXPIRED,2.4896,0.8903,18,72,516.0192,928.83,105257.6
AKBNK,BUY,2025-03-14T04:00:00+00:00,2025-03-18T12:00:00+00:00,75.5,73.621,73.621,78.6317,80.5107,SL,-2.4887,-1.0,8,32,560.1788,-1052.58,104205.02
ASELS,BUY,2025-03-13T12:00:00+00:00,2025-03-19T08:00:00+00:00,116.3,116.3,112.0095,123.4509,127.7414,TP1_BE,0.0,0.0,11,44,242.8738,0.0,104205.02
AKBNK,SELL,2025-03-25T12:00:00+00:00,2025-04-04T12:00:00+00:00,56.75,52.05,60.0418,51.2637,47.9718,EXPIRED,8.2819,1.4278,18,72,316.5594,1487.83,105692.85
ASELS,BUY,2025-04-02T08:00:00+00:00,2025-04-07T04:00:00+00:00,119.4,114.4548,114.4548,127.6421,132.5873,SL,-4.1417,-1.0,8,32,213.7282,-1056.93,104635.92
AKBNK,SELL,2025-04-04T12:00:00+00:00,2025-04-14T12:00:00+00:00,52.05,50.3,54.1214,48.5977,46.5263,EXPIRED,3.3622,0.8448,18,72,505.1459,884.01,105519.93
ASELS,BUY,2025-04-10T04:00:00+00:00,2025-04-15T04:00:00+00:00,122.7,118.1876,118.1876,130.2206,134.733,SL,-3.6776,-1.0,9,36,233.8444,-1055.2,104464.73
AKBNK,SELL,2025-04-18T12:00:00+00:00,2025-04-21T12:00:00+00:00,49.58,51.1904,51.1904,46.8961,45.2857,SL,-3.248,-1.0,3,12,648.6881,-1044.65,103420.08
ASELS,BUY,2025-04-18T08:00:00+00:00,2025-04-29T08:00:00+00:00,129.0,138.1,124.2331,136.9448,141.7116,EXPIRED,7.0543,1.909,18,72,216.9546,1974.29,105394.37
AKBNK,SELL,2025-04-29T04:00:00+00:00,2025-05-08T04:00:00+00:00,49.3,49.88,50.8979,46.6369,45.039,EXPIRED,-1.1765,-0.363,18,72,659.5805,-382.56,105011.81
AKBNK,BUY,2025-05-09T08:00:00+00:00,2025-05-20T08:00:00+00:00,49.92,52.75,48.638,52.0567,53.3387,EXPIRED,5.6691,2.2075,18,72,819.1249,2318.12,107329.93
ASELS,SELL,2025-05-20T04:00:00+00:00,2025-05-23T12:00:00+00:00,132.3,138.3011,138.3011,122.2982,116.2971,SL,-4.536,-1.0,11,44,178.8504,-1073.3,106256.63
AKBNK,BUY,2025-05-21T04:00:00+00:00,2025-05-23T12:00:00+00:00,53.1,51.6448,51.6448,55.5254,56.9806,SL,-2.7405,-1.0,8,32,730.1858,-1062.57,105194.07
AKBNK,SELL,2025-05-27T04:00:00+00:00,2025-06-03T04:00:00+00:00,51.75,53.3783,53.3783,49.0362,47.4079,SL,-3.1465,-1.0,15,60,646.0362,-1051.94,104142.13
ASELS,SELL,2025-06-03T12:00:00+00:00,2025-06-04T08:00:00+00:00,127.7,131.464,131.464,121.4266,117.6626,SL,-2.9475,-1.0,2,8,276.6794,-1041.42,103100.71
ASELS,BUY,2025-06-11T08:00:00+00:00,2025-06-13T08:00:00+00:00,141.9,141.9,137.7446,148.8256,152.981,TP1_BE,0.0,0.0,6,24,248.1126,0.0,103100.71
AKBNK,BUY,2025-06-13T04:00:00+00:00,2025-06-18T12:00:00+00:00,57.4,57.4,55.6771,60.2714,61.9943,TP1_BE,0.0,0.0,11,44,598.4138,0.0,103100.71
ASELS,BUY,2025-06-16T08:00:00+00:00,2025-06-24T08:00:00+00:00,142.5,141.4,137.6681,150.5532,155.3852,EXPIRED,-0.7719,-0.2277,18,72,213.3751,-234.71,102865.99
AKBNK,BUY,2025-06-24T08:00:00+00:00,2025-06-30T08:00:00+00:00,60.35,65.51,58.415,63.575,65.51,TP2,8.5501,2.6667,12,48,531.6072,2743.09,105609.09
AKBNK,BUY,2025-07-04T08:00:00+00:00,2025-07-08T08:00:00+00:00,69.05,66.9173,66.9173,72.6044,74.7371,SL,-3.0886,-1.0,6,24,495.1896,-1056.09,104553.0
ASELS,BUY,2025-06-30T12:00:00+00:00,2025-07-08T12:00:00+00:00,150.2,152.6,145.4653,158.0911,162.8257,EXPIRED,1.5979,0.5069,18,72,220.8229,529.97,105082.97
ASELS,BUY,2025-07-09T12:00:00+00:00,2025-07-16T08:00:00+00:00,149.9,159.2135,146.4074,155.7209,159.2135,TP2,6.2131,2.6667,11,44,300.8732,2802.18,107885.15
ASELS,BUY,2025-08-04T12:00:00+00:00,2025-08-06T04:00:00+00:00,188.3,183.6985,183.6985,195.9691,200.5706,SL,-2.4437,-1.0,4,16,234.4565,-1078.85,106806.3
AKBNK,BUY,2025-08-07T08:00:00+00:00,2025-08-14T12:00:00+00:00,68.65,67.1773,67.1773,71.1045,72.5771,SL,-2.1452,-1.0,16,64,725.2414,-1068.06,105738.24
ASELS,BUY,2025-08-20T12:00:00+00:00,2025-08-28T12:00:00+00:00,182.0,183.7,177.6092,189.3181,193.7089,EXPIRED,0.9341,0.3872,18,72,240.8177,409.39,106147.63
AKBNK,BUY,2025-08-21T12:00:00+00:00,2025-08-29T12:00:00+00:00,68.2,68.2,66.9993,70.2011,71.4017,TP1_BE,0.0,0.0,18,72,884.0479,0.0,106147.63
ASELS,BUY,2025-09-15T04:00:00+00:00,2025-09-16T08:00:00+00:00,179.2,193.1161,173.9815,187.8975,193.1161,TP2,7.7657,2.6667,4,16,203.4064,2830.62,108978.25
AKBNK,BUY,2025-09-12T04:00:00+00:00,2025-09-17T12:00:00+00:00,61.25,67.1623,59.0329,64.9452,67.1623,TP2,9.6527,2.6667,11,44,491.5351,2906.1,111884.36
AKBNK,BUY,2025-09-22T08:00:00+00:00,2025-09-23T12:00:00+00:00,68.1,65.9801,65.9801,71.6332,73.7531,SL,-3.113,-1.0,4,16,527.7813,-1118.84,110765.51
ASELS,BUY,2025-09-29T08:00:00+00:00,2025-10-01T04:00:00+00:00,219.2,212.0569,212.0569,231.1052,238.2483,SL,-3.2587,-1.0,5,20,155.0664,-1107.66,109657.86
ASELS,BUY,2025-10-01T08:00:00+00:00,2025-10-07T12:00:00+00:00,215.7,207.7573,207.7573,228.9378,236.8806,SL,-3.6823,-1.0,13,52,138.0612,-1096.58,108561.28
AKBNK,SELL,2025-10-06T08:00:00+00:00,2025-10-14T08:00:00+00:00,59.45,54.7831,61.2001,56.5332,54.7831,TP2,7.8501,2.6667,18,72,620.3147,2894.95,111456.23
AKBNK,SELL,2025-10-17T04:00:00+00:00,2025-10-20T04:00:00+00:00,53.7,55.4989,55.4989,50.7018,48.9028,SL,-3.35,-1.0,3,12,619.5799,-1114.56,110341.66
AKBNK,BUY,2025-11-04T04:00:00+00:00,2025-11-07T08:00:00+00:00,61.85,59.9514,59.9514,65.0143,66.913,SL,-3.0697,-1.0,10,40,581.1738,-1103.42,109238.25
AKBNK,BUY,2025-11-07T08:00:00+00:00,2025-11-11T08:00:00+00:00,61.1,59.3572,59.3572,64.0047,65.7476,SL,-2.8524,-1.0,6,24,626.7974,-1092.38,108145.86
AKBNK,SELL,2025-11-11T08:00:00+00:00,2025-11-19T04:00:00+00:00,58.1,59.933,59.933,55.045,53.212,SL,-3.1549,-1.0,17,68,589.9938,-1081.46,107064.41
AKBNK,BUY,2025-11-19T08:00:00+00:00,2025-11-27T08:00:00+00:00,61.2,64.25,59.5548,63.942,65.5872,EXPIRED,4.9837,1.8539,18,72,650.7683,1984.84,109049.25
AKBNK,BUY,2025-11-27T08:00:00+00:00,2025-12-04T12:00:00+00:00,64.25,64.25,62.783,66.695,68.162,TP1_BE,0.0,0.0,16,64,743.3487,0.0,109049.25
ASELS,BUY,2025-12-01T04:00:00+00:00,2025-12-09T04:00:00+00:00,186.5,193.9,182.2635,193.5608,197.7973,EXPIRED,3.9678,1.7467,18,72,257.4041,1904.79,110954.04
ASELS,BUY,2025-12-09T04:00:00+00:00,2025-12-10T04:00:00+00:00,193.9,204.6956,189.8516,200.6473,204.6956,TP2,5.5676,2.6667,3,12,274.0689,2958.74,113912.78
AKBNK,BUY,2025-12-08T08:00:00+00:00,2025-12-16T08:00:00+00:00,69.05,70.65,67.2364,72.0726,73.8862,EXPIRED,2.3172,0.8822,18,72,628.1031,1004.96,114917.74
ASELS,BUY,2025-12-22T08:00:00+00:00,2025-12-24T08:00:00+00:00,213.0,227.5993,207.5253,222.1246,227.5993,TP2,6.8541,2.6667,6,24,209.9069,3064.49,117982.24
AKBNK,BUY,2025-12-17T04:00:00+00:00,2025-12-24T08:00:00+00:00,70.75,70.75,69.2353,73.2745,74.7892,TP1_BE,0.0,0.0,16,64,778.9149,0.0,117982.24
ASELS,BUY,2025-12-31T04:00:00+00:00,2026-01-06T12:00:00+00:00,232.7,250.5105,226.021,243.8316,250.5105,TP2,7.6539,2.6667,11,44,176.6466,3146.16,121128.4
AKBNK,BUY,2026-01-05T04:00:00+00:00,2026-01-08T08:00:00+00:00,73.65,71.9773,71.9773,76.4378,78.1105,SL,-2.2711,-1.0,10,40,724.149,-1211.28,119917.12
AKBNK,BUY,2026-01-12T04:00:00+00:00,2026-01-12T12:00:00+00:00,74.95,73.2386,73.2386,77.8023,79.5137,SL,-2.2834,-1.0,2,8,700.696,-1199.17,118717.94
ASELS,BUY,2026-01-09T12:00:00+00:00,2026-01-16T04:00:00+00:00,279.5,304.79,270.0163,295.3062,304.79,TP2,9.0483,2.6667,13,52,125.181,3165.83,121883.77
AKBNK,BUY,2026-01-16T08:00:00+00:00,2026-01-21T12:00:00+00:00,74.85,79.5949,73.0707,77.8156,79.5949,TP2,6.3392,2.6667,10,40,685.0097,3250.3,125134.08
AKBNK,BUY,2026-01-27T04:00:00+00:00,2026-01-28T12:00:00+00:00,80.05,85.3694,78.0552,83.3746,85.3694,TP2,6.6451,2.6667,5,20,627.3014,3336.87,128470.94
AKBNK,BUY,2026-02-02T08:00:00+00:00,2026-02-03T04:00:00+00:00,92.8,89.5705,89.5705,98.1826,101.4121,SL,-3.4801,-1.0,2,8,397.8044,-1284.71,127186.23
AKBNK,BUY,2026-02-03T04:00:00+00:00,2026-02-04T08:00:00+00:00,89.8,86.2722,86.2722,95.6796,99.2074,SL,-3.9285,-1.0,4,16,360.5256,-1271.86,125914.37
AKBNK,SELL,2026-02-10T04:00:00+00:00,2026-02-12T08:00:00+00:00,84.95,87.5781,87.5781,80.5698,77.9417,SL,-3.0937,-1.0,7,28,479.108,-1259.14,124655.23
ASELS,BUY,2026-02-18T08:00:00+00:00,2026-02-19T12:00:00+00:00,304.75,304.75,296.2919,318.8469,327.305,TP1_BE,0.0,0.0,4,16,147.3797,0.0,124655.23
AKBNK,BUY,2026-02-12T08:00:00+00:00,2026-02-20T04:00:00+00:00,89.05,86.3834,86.3834,93.4944,96.161,SL,-2.9945,-1.0,17,68,467.4688,-1246.55,123408.67
AKBNK,BUY,2026-02-23T12:00:00+00:00,2026-03-02T04:00:00+00:00,90.4,87.8021,87.8021,94.7298,97.3277,SL,-2.8738,-1.0,13,52,475.0324,-1234.09,122174.59
ASELS,BUY,2026-02-27T08:00:00+00:00,2026-03-03T12:00:00+00:00,321.25,321.25,311.461,337.5649,347.3539,TP1_BE,0.0,0.0,7,28,124.808,0.0,122174.59
AKBNK,SELL,2026-03-02T08:00:00+00:00,2026-03-06T12:00:00+00:00,85.0,76.2118,88.2956,79.5074,76.2118,TP2,10.339,2.6667,13,52,370.7203,3257.96,125432.55
ASELS,BUY,2026-03-04T04:00:00+00:00,2026-03-09T04:00:00+00:00,327.75,327.75,314.815,349.3084,362.2434,TP1_BE,0.0,0.0,9,36,96.9714,0.0,125432.55
ASELS,BUY,2026-03-23T04:00:00+00:00,2026-03-26T08:00:00+00:00,349.5,336.3233,336.3233,371.4612,384.6378,SL,-3.7702,-1.0,10,40,95.1927,-1254.33,124178.23
AKBNK,SELL,2026-03-24T08:00:00+00:00,2026-04-01T08:00:00+00:00,70.85,67.9,74.116,65.4067,62.1407,EXPIRED,4.1637,0.9032,18,72,380.215,1121.63,125299.86
ASELS,SELL,2026-04-01T08:00:00+00:00,2026-04-02T12:00:00+00:00,321.25,331.5247,331.5247,304.1255,293.8507,SL,-3.1984,-1.0,4,16,121.9499,-1253.0,124046.86
AKBNK,BUY,2026-04-07T12:00:00+00:00,2026-04-08T08:00:00+00:00,69.1,74.6205,67.0298,72.5503,74.6205,TP2,7.9892,2.6667,2,8,599.2023,3307.9,127354.76
ASELS,BUY,2026-04-08T04:00:00+00:00,2026-04-10T04:00:00+00:00,353.75,382.802,342.8555,371.9075,382.802,TP2,8.2126,2.6667,6,24,116.8982,3396.13,130750.89
AKBNK,BUY,2026-04-08T08:00:00+00:00,2026-04-16T08:00:00+00:00,76.15,78.8,73.6257,80.3572,82.8815,EXPIRED,3.48,1.0498,18,72,517.9689,1372.62,132123.5
AKBNK,BUY,2026-04-21T08:00:00+00:00,2026-04-22T12:00:00+00:00,82.0,79.4851,79.4851,86.1914,88.7063,SL,-3.0669,-1.0,4,16,525.3628,-1321.24,130802.27
ASELS,BUY,2026-04-28T08:00:00+00:00,2026-04-30T12:00:00+00:00,420.0,422.5,407.2922,441.1797,453.8876,EXPIRED,0.5952,0.1967,7,28,102.9307,257.33,131059.59
